,Attraction_name,Company,Rating,Reviews,Ticket_price,Free_cancellation,Overview,Location,Meeting_point,Attraction_page
0,SUMMIT One Vanderbilt Experience Tickets,SUMMIT One Vanderbilt,9.2,809,48.0,Free cancellation available,"OverviewMost immersive observation deck - an Instagram dream.At the top of Midtown tallest commercial skyscraper.Three levels of multi-sensory experiences.Feel the bustle and hustle from 1,070 feet high.Spectacular 360 views of New York City and beyond.Show more",45 East 42nd Street,45 East 42nd Street,https://www.expedia.com/things-to-do/summit-one-vanderbilt-experience-tickets.a44823095.activity-details?&rid=178293&location=New+York+%28and+vicinity%29%2C+New+York%2C+United+States+of+America&startDate=2025-10-28&endDate=2025-10-29&sort=RECOMMENDED&selectedId=&filter.reviewScore=GT4_5&filter.seeAll=true&swp=on
1,Statue of Liberty & Ellis Island Tour: All Options,ExperienceFirst,9.4,1829,69.0,Free cancellation available,OverviewEngaging guided tour to the Statue of Liberty & Ellis IslandReserved time access to board the ferry so you can save timeEntry to the Statue of Liberty Museum on the islandEntry to the Immigration Museum at Ellis IslandRoundtrip ferry tickets to and from Liberty & Ellis IslandShow more,"10004, New York, New York, United States of America",Battery Park,https://www.expedia.com/things-to-do/statue-of-liberty-ellis-island-tour-all-options.a269114.activity-details?&rid=178293&location=New+York+%28and+vicinity%29%2C+New+York%2C+United+States+of+America&startDate=2025-10-28&endDate=2025-10-29&sort=RECOMMENDED&selectedId=&filter.reviewScore=GT4_5&filter.seeAll=true&swp=on
2,New York CityPASS®: Experience 5 must-see attractions,CityPASS,9.0,2106,154.0,Free cancellation available,OverviewSave time and money with one simple purchaseVisit 5 top attractions including Empire State BuildingEasy to use mobile tickets on your choice of attractionsVisit my.citypass.com for attraction info & reservationsSave up to 41 percent on combined regular box office priceShow more,"New York, New York, United States of America",1071 5th Avenue,https://www.expedia.com/things-to-do/new-york-citypass-experience-5-must-see-attractions.a184465.activity-details?&rid=178293&location=New+York+%28and+vicinity%29%2C+New+York%2C+United+States+of+America&startDate=2025-10-28&endDate=2025-10-29&sort=RECOMMENDED&selectedId=&filter.reviewScore=GT4_5&filter.seeAll=true&swp=on
3,The Lion King On Broadway,The Lion King on Broadway,9.4,1452,160.0,2h 30m,"OverviewThe highest-grossing Broadway production of all timeFantastic musical that appeals to theater-goers of all agesStunning costumes & puppets bring African animals to lifeElton John's Oscar-winning “Can You Feel the Love Tonight”6-time Tony Award® winner, including Best Musical in 1998Show more",200 West 45th Street,200 West 45th Street,https://www.expedia.com/things-to-do/the-lion-king-on-broadway.a185492.activity-details?&rid=178293&location=New+York+%28and+vicinity%29%2C+New+York%2C+United+States+of+America&startDate=2025-10-28&endDate=2025-10-29&sort=RECOMMENDED&selectedId=&filter.reviewScore=GT4_5&filter.seeAll=true&swp=on
4,One World Observatory Tickets,One World Observatory,9.0,1225,31.0,Free cancellation available,"OverviewSpectacular views from Western Hemisphere's tallest buildingSkyline of NYC, its boroughs & rivers from high aboveSkyPod elevator lifts you to floor 102 in 47 secondsAdmission tickets to this popular New York City sightChance to sip a cocktail or dine with spectacular viewsShow more",117 West Street,117 West Street,https://www.expedia.com/things-to-do/one-world-observatory-tickets.a444325.activity-details?&rid=178293&location=New+York+%28and+vicinity%29%2C+New+York%2C+United+States+of+America&startDate=2025-10-28&endDate=2025-10-29&sort=RECOMMENDED&selectedId=&filter.reviewScore=GT4_5&filter.seeAll=true&swp=on
5,Aladdin on Broadway,Aladdin on Broadway,9.6,835,84.0,2h 30m,"OverviewStage version of the beloved 1992 Disney animated classicFantastic sets, colorful costumes & spectacular choreographyOffers a delightful mix of music, comedy, and charismaSweeps you into an exotic world full of daring adventureDazzling visuals and show-stopping performancesShow more","214 West 42nd Street
between Broadway & 8th Avenue","214 West 42nd Street
between Broadway & 8th Avenue",https://www.expedia.com/things-to-do/aladdin-on-broadway.a185464.activity-details?&rid=178293&location=New+York+%28and+vicinity%29%2C+New+York%2C+United+States+of+America&startDate=2025-10-28&endDate=2025-10-29&sort=RECOMMENDED&selectedId=&filter.reviewScore=GT4_5&filter.seeAll=true&swp=on
6,Wicked On Broadway,Wicked on Broadway,9.6,475,138.0,2h 45m,"OverviewSongs including “Defying Gravity,” “Popular” & “For Good”Nominated for 10 Tony Awards® including Best Musical & BookBased on the best-selling book _Wicked_ by Gregory MaguireMoving tale about the true nature of friendship, good & evilUnforgettable characters, dazzling sets & fantastic costumesShow more",222 West 51st Street,222 West 51st Street,https://www.expedia.com/things-to-do/wicked-on-broadway.a185520.activity-details?&rid=178293&location=New+York+%28and+vicinity%29%2C+New+York%2C+United+States+of+America&startDate=2025-10-28&endDate=2025-10-29&sort=RECOMMENDED&selectedId=&filter.reviewScore=GT4_5&filter.seeAll=true&swp=on
7,Central Park Pedicab Tour– Top Highlights,#1 Central Park Pedicab Tour,10.0,1,28.0,Free cancellation available,"Activity locationWollman Rink830 5th Ave10065-7001, New York City, New York, United States",830 5th Ave,1411 6th Avenue,https://www.expedia.com/things-to-do/central-park-pedicab-tour-top-highlights.a50949528.activity-details?&rid=178293&location=New+York+%28and+vicinity%29%2C+New+York%2C+United+States+of+America&startDate=2025-10-28&endDate=2025-10-29&sort=RECOMMENDED&selectedId=&filter.reviewScore=GT4_5&filter.seeAll=true&swp=on
8,Color Factory NYC Ticket,Color Factory NYC,10.0,5,42.0,1h 30m,"Activity locationColor Factory New York251 Spring St10013-1520, New York City, New York, United States",251 Spring St,251 Spring St,https://www.expedia.com/things-to-do/color-factory-nyc-ticket.a49191949.activity-details?&rid=178293&location=New+York+%28and+vicinity%29%2C+New+York%2C+United+States+of+America&startDate=2025-10-28&endDate=2025-10-29&sort=RECOMMENDED&selectedId=&filter.reviewScore=GT4_5&filter.seeAll=true&swp=on
9,Intrepid Museum Admission Ticket,Intrepid Air & Space Museum,9.4,328,38.0,Free cancellation available,"Activity locationIntrepid Sea, Air & Space Museum12th Avenue & 46th Street, Pier 8610036, New York City, New York, United States","12th Avenue & 46th Street, Pier 86","12th Avenue & 46th Street, Pier 86",https://www.expedia.com/things-to-do/intrepid-museum-admission-ticket.a697522.activity-details?&rid=178293&location=New+York+%28and+vicinity%29%2C+New+York%2C+United+States+of+America&startDate=2025-10-28&endDate=2025-10-29&sort=RECOMMENDED&selectedId=&filter.reviewScore=GT4_5&filter.seeAll=true&swp=on
10,Fully Guided Statue of Liberty Tour with Ellis Island,Walks,9.0,1074,59.0,Free cancellation available,OverviewHear history come alive with your licensed tour guideSee incredible artifacts at the Statue of Liberty MuseumVisit Ellis Island with personal time to exploreChoose an express tour of the Statue for more flexibilitySee the famed NYC skyline while sailing across NYC HarborShow more,Statue of Liberty,1 Bowling Green,https://www.expedia.com/things-to-do/fully-guided-statue-of-liberty-tour-with-ellis-island.a248963.activity-details?&rid=178293&location=New+York+%28and+vicinity%29%2C+New+York%2C+United+States+of+America&startDate=2025-10-28&endDate=2025-10-29&sort=RECOMMENDED&selectedId=&filter.reviewScore=GT4_5&filter.seeAll=true&swp=on
11,Brooklyn Small Group Food Tour: Local Bites & Neighborhood Stories,Intrepid Travel,9.6,9,67.0,Free cancellation available,"OverviewVisit family-owned shops & artisanal cafesDiscover Brooklyn’s rich food culture & historyTaste Italian, Middle Eastern & New American bitesSupport local businesses with every delicious stopLed by a B-Corp certified local tour companyShow more",Brooklyn,61 Bergen Street,https://www.expedia.com/things-to-do/brooklyn-small-group-food-tour-local-bites-neighborhood-stories.a258096.activity-details?&rid=178293&location=New+York+%28and+vicinity%29%2C+New+York%2C+United+States+of+America&startDate=2025-10-28&endDate=2025-10-29&sort=RECOMMENDED&selectedId=&filter.reviewScore=GT4_5&filter.seeAll=true&swp=on
12,Circle Line: 50-Minute Statue of Liberty Super Express Sightseeing Cruise,New York Water Taxi,9.6,10,29.0,Free cancellation available,OverviewFastest way to see the Statue of Liberty50-minute express cruiseDeparts from Pier 16Perfect photo opportunityLive narration from an informative tour guide on boardShow more,167 John Street,89 South Street,https://www.expedia.com/things-to-do/circle-line-50-minute-statue-of-liberty-super-express-sightseeing-cruise.a2414740.activity-details?&rid=178293&location=New+York+%28and+vicinity%29%2C+New+York%2C+United+States+of+America&startDate=2025-10-28&endDate=2025-10-29&sort=RECOMMENDED&selectedId=&filter.reviewScore=GT4_5&filter.seeAll=true&swp=on
13,Circle Line: New York Landmarks Cruise,Circle Line Sightseeing,9.0,348,45.0,Free cancellation available,OverviewStunning up-close looks at Statue of Liberty & Ellis IslandSweeping skyline views including One World Trade CenterSpectacular photo opportunities of the Brooklyn BridgeNarration in English by award winning tour guidesDownload: free Circle Line App w/audio tour in 9 languages.Show more,"Pier 83, W 42nd St and 12th Avenue","Pier 83, W 42nd St",https://www.expedia.com/things-to-do/circle-line-new-york-landmarks-cruise.a183469.activity-details?&rid=178293&location=New+York+%28and+vicinity%29%2C+New+York%2C+United+States+of+America&startDate=2025-10-28&endDate=2025-10-29&sort=RECOMMENDED&selectedId=&filter.reviewScore=GT4_5&filter.seeAll=true&swp=on
14,Circle Line: Statue of Liberty at Sunset Cruise,New York Water Taxi,9.8,6,32.0,Free cancellation available,OverviewThe Statue of Liberty at SunsetThe Manhattan Skyline at SunsetConcessions available directly on board May 23 - Nov 1st.See One World Trade Center at nightSee the Brooklyn Bridge at nightShow more,89 South Street,89 South Street,https://www.expedia.com/things-to-do/circle-line-statue-of-liberty-at-sunset-cruise.a46012372.activity-details?&rid=178293&location=New+York+%28and+vicinity%29%2C+New+York%2C+United+States+of+America&startDate=2025-10-28&endDate=2025-10-29&sort=RECOMMENDED&selectedId=&filter.reviewScore=GT4_5&filter.seeAll=true&swp=on
15,New York: Unlimited USA Internet with eSIM Mobile Data Plan,Rent 'n Connect,9.6,4,3.0,Free cancellation available,OverviewRelax with live customer supportUnlimited data planContinue to use your own mobileBenefit from a product which is downloadableAvoid expensive data roaming chargesShow more,times Square,Times Square,https://www.expedia.com/things-to-do/new-york-unlimited-usa-internet-with-esim-mobile-data-plan.a49390718.activity-details?&rid=178293&location=New+York+%28and+vicinity%29%2C+New+York%2C+United+States+of+America&startDate=2025-10-28&endDate=2025-10-29&sort=RECOMMENDED&selectedId=&filter.reviewScore=GT4_5&filter.seeAll=true&swp=on
16,Edge Observation Deck at Hudson Yards,Edge Hudson Yards Observation Deck,10.0,1,39.0,Free cancellation available,OverviewExperience NYC from 100 stories highEnjoy 360 panoramic skyline viewsStep onto a thrilling glass floorFeel the rush of angled glass wallsDiscover NYC from a new perspectiveShow more,30 Hudson Yards,30 Hudson Yards,https://www.expedia.com/things-to-do/edge-observation-deck-at-hudson-yards.a50517646.activity-details?&rid=178293&location=New+York+%28and+vicinity%29%2C+New+York%2C+United+States+of+America&startDate=2025-10-28&endDate=2025-10-29&sort=RECOMMENDED&selectedId=&filter.reviewScore=GT4_5&filter.seeAll=true&swp=on
17,NYC: Museum of Modern Art (MoMA) Entry Ticket,The Museum of Modern Art,9.2,1397,30.0,Free cancellation available,"OverviewExplore The Museum of Modern Art in Midtown with your entry ticketSee amazing works of contemporary art, including Monet's Water LiliesCheck out Campbell's Soup Cans by Warhol and The Dance (I) by MatisseBehold masterpieces by Gauguin, Dali, Picasso, and PollockListen to free audio guides directly on your personal mobile deviceShow more",No Location,No Meeting Point,https://www.expedia.com/things-to-do/nyc-museum-of-modern-art-moma-entry-ticket.a4541902.activity-details?&rid=178293&location=New+York+%28and+vicinity%29%2C+New+York%2C+United+States+of+America&startDate=2025-10-28&endDate=2025-10-29&sort=RECOMMENDED&selectedId=&filter.reviewScore=GT4_5&filter.seeAll=true&swp=on
18,Brooklyn Nets Basketball Game at Barclays Center,Sports Where I Am,9.6,3,200.0,3h,OverviewSee a Brooklyn Nets NBA game in personGet swept up in the electrifying atmosphereGet a mobile ticket sent to your phone for convenient entryEnjoy a range of concessions and matchday entertainmentA wide selection of game dates against the NBA's top teamsShow more,620 Atlantic Avenue,620 Atlantic Avenue,https://www.expedia.com/things-to-do/brooklyn-nets-basketball-game-at-barclays-center.a47300477.activity-details?&rid=178293&location=New+York+%28and+vicinity%29%2C+New+York%2C+United+States+of+America&startDate=2025-10-28&endDate=2025-10-29&sort=RECOMMENDED&selectedId=&filter.reviewScore=GT4_5&filter.seeAll=true&swp=on
19,All Day Bike Rental & Picnic Lunch in Central Park,Unlimited Biking NYC,10.0,2,71.0,Free cancellation available,"OverviewAll Day Bike RentalHelmet, Bike bag, Bike Lock and Map Included3 Gourmet Picnic Boxes to choose fromFreedom to explore the park & find the perfect lunch spotKids Bikes and Attachments availableShow more","56 West 56th Street
between 5th and 6th avenue",56 West 56th Street,https://www.expedia.com/things-to-do/all-day-bike-rental-picnic-lunch-in-central-park.a426831.activity-details?&rid=178293&location=New+York+%28and+vicinity%29%2C+New+York%2C+United+States+of+America&startDate=2025-10-28&endDate=2025-10-29&sort=RECOMMENDED&selectedId=&filter.reviewScore=GT4_5&filter.seeAll=true&swp=on
20,The Play That Goes Wrong Off-Broadway,The Play That Goes Wrong on Broadway,9.8,27,96.0,2h,"OverviewA celebration of the best of live theater... and the worst2015 Laurence Olivier Awards Winner for Best New ComedyNow playing at the New World StagesDirected by Mark BellDebuting as a theatrical producer, produced by J.J. AbramsShow more",340 West 50th Street,340 West 50th Street,https://www.expedia.com/things-to-do/the-play-that-goes-wrong-off-broadway.a529776.activity-details?&rid=178293&location=New+York+%28and+vicinity%29%2C+New+York%2C+United+States+of+America&startDate=2025-10-28&endDate=2025-10-29&sort=RECOMMENDED&selectedId=&filter.reviewScore=GT4_5&filter.seeAll=true&swp=on
21,9/11 Memorial & Ground Zero Walking Tour with Museum Option,City Wonders,10.0,3,23.0,Free cancellation available,OverviewVisit the 9/11 Memorial twin reflecting poolsHear stories from expert English guideSee the Survivor Tree and Firefighter’s MemorialExplore the rebuilt World Trade Center siteOptional timed entry to the 9/11 MuseumShow more,Manhattan,55 Church Street,https://www.expedia.com/things-to-do/9-11-memorial-ground-zero-walking-tour-with-museum-option.a49220326.activity-details?&rid=178293&location=New+York+%28and+vicinity%29%2C+New+York%2C+United+States+of+America&startDate=2025-10-28&endDate=2025-10-29&sort=RECOMMENDED&selectedId=&filter.reviewScore=GT4_5&filter.seeAll=true&swp=on
22,Get Your 15 Seconds of Fame on a Times Square Billboard in NYC!,Welcome to Times Square,9.4,10,150.0,Free cancellation available,"Activity location1560 Broadway1560 Broadway10036, New York, New York, United States",1560 Broadway,1560 Broadway,https://www.expedia.com/things-to-do/get-your-15-seconds-of-fame-on-a-times-square-billboard-in-nyc.a46450823.activity-details?&rid=178293&location=New+York+%28and+vicinity%29%2C+New+York%2C+United+States+of+America&startDate=2025-10-28&endDate=2025-10-29&sort=RECOMMENDED&selectedId=&filter.reviewScore=GT4_5&filter.seeAll=true&swp=on
23,Circle Line: Best of New York Cruise – All Around Manhattan,Circle Line Sightseeing,9.4,77,52.0,Free cancellation available,OverviewUparalleled ViewsOnboard CaféDownload: free Circle Line App w/audio tour in 9 languagesFree WiFiOutdoor deckShow more,Pier 83,"Pier 83, W 42nd St",https://www.expedia.com/things-to-do/circle-line-best-of-new-york-cruise-all-around-manhattan.a586683.activity-details?&rid=178293&location=New+York+%28and+vicinity%29%2C+New+York%2C+United+States+of+America&startDate=2025-10-28&endDate=2025-10-29&sort=RECOMMENDED&selectedId=&filter.reviewScore=GT4_5&filter.seeAll=true&swp=on
24,NYC Statue of Liberty Tall Ship Sail aboard Clipper City,Manhattan By Sail,9.0,142,68.0,Free cancellation available,"Activity locationClipper City Tall Ship - Operated by Manhattan By Sail89 South Street10038, New York, New York, United States",89 South Street,89 South Street,https://www.expedia.com/things-to-do/nyc-statue-of-liberty-tall-ship-sail-aboard-clipper-city.a696529.activity-details?&rid=178293&location=New+York+%28and+vicinity%29%2C+New+York%2C+United+States+of+America&startDate=2025-10-28&endDate=2025-10-29&sort=RECOMMENDED&selectedId=&filter.reviewScore=GT4_5&filter.seeAll=true&swp=on
25,MJ The Musical on Broadway,MJ The Musical,9.8,51,173.0,2h 30m,OverviewThe life story of Michael Jackson arrives on Broadway.Starring Ephraim Sykes as Michael JacksonListen to a score of Michael Jackson's best loved hitsDirection & choreography by Tony-winner Christopher WheeldonFeaturing a book by two-time Pulitzer-winner Lynn NottageShow more,250 West 52nd Street,250 West 52nd Street,https://www.expedia.com/things-to-do/mj-the-musical-on-broadway.a2402669.activity-details?&rid=178293&location=New+York+%28and+vicinity%29%2C+New+York%2C+United+States+of+America&startDate=2025-10-28&endDate=2025-10-29&sort=RECOMMENDED&selectedId=&filter.reviewScore=GT4_5&filter.seeAll=true&swp=on
26,Chicago the Musical on Broadway,Chicago on Broadway,9.4,367,118.0,2h 30m,"OverviewLongest-running musical revival in Broadway historyBob Fosse-style choreography with snaps, shimmies & shakesMusic by famed Tony®-winning duo of John Kander & Fred EbbWinner of 6 Tony Awards®, 2 Olivier Awards & a GrammyBeloved tunes like ""All That Jazz"" & ""Razzle Dazzle""Show more",219 West 49th Street,219 West 49th Street,https://www.expedia.com/things-to-do/chicago-the-musical-on-broadway.a185654.activity-details?&rid=178293&location=New+York+%28and+vicinity%29%2C+New+York%2C+United+States+of+America&startDate=2025-10-28&endDate=2025-10-29&sort=RECOMMENDED&selectedId=&filter.reviewScore=GT4_5&filter.seeAll=true&swp=on
27,The MET Masterpieces: Small Group Tour of The Metropolitan Museum of Art,City Wonders,10.0,2,63.0,Free cancellation available,"OverviewSkip the lines for immediate access to the Met’s treasuresLearn from expert guides with deep art insightsDiscover 5,000 years of diverse global artDive into Modern Art with works by Pollock, Warhol & PicassoEnd with rooftop views of Central Park (summer)Show more","New York, United States of America",1000 Museum Mile,https://www.expedia.com/things-to-do/null.a49193312.activity-details?&rid=178293&location=New+York+%28and+vicinity%29%2C+New+York%2C+United+States+of+America&startDate=2025-10-28&endDate=2025-10-29&sort=RECOMMENDED&selectedId=&filter.reviewScore=GT4_5&filter.seeAll=true&swp=on
28,NYC: Statue of Liberty Express Cruise – Freedom Liberty Tour,Big City Tourism,10.0,2,27.0,Free cancellation available,OverviewFeel the breeze on your face as you sail along the Hudson RiverSnap a selfie with the Statue of Liberty from the open-air rooftop deckEnjoy a cozy indoor space with a full-service bar and concession areaSee iconic landmarks like the Freedom Tower and the Brooklyn BridgeTake advantage of a free shuttle to NYC's iconic attractions after the cruiseShow more,No Location,No Meeting Point,https://www.expedia.com/things-to-do/nyc-statue-of-liberty-express-cruise-freedom-liberty-tour.a50695314.activity-details?&rid=178293&location=New+York+%28and+vicinity%29%2C+New+York%2C+United+States+of+America&startDate=2025-10-28&endDate=2025-10-29&sort=RECOMMENDED&selectedId=&filter.reviewScore=GT4_5&filter.seeAll=true&swp=on
29,Woodbury Common Premium Outlets Shopping Tour from Midtown,WoodburyBus,9.4,36,47.0,Free cancellation available,"Activity locationWoodbury Common Premium Outlets498 Red Apple Court10917-6619, Central Valley, New York, United States",498 Red Apple Court,828 8th Avenue,https://www.expedia.com/things-to-do/woodbury-common-premium-outlets-shopping-tour-from-midtown.a46073505.activity-details?&rid=178293&location=New+York+%28and+vicinity%29%2C+New+York%2C+United+States+of+America&startDate=2025-10-28&endDate=2025-10-29&sort=RECOMMENDED&selectedId=&filter.reviewScore=GT4_5&filter.seeAll=true&swp=on
30,Washington D.C 1-Day City Tour from New York City,Jupiter Legend Corporation,10.0,1,199.0,Free cancellation available,"OverviewVisit Washington D.C.’s top landmarks all in one day from NYEnjoy photo stops at the U.S. Capitol, White HouseReflect at the Lincoln Memorial & Vietnam Veterans MemorialRound-trip transportation for a stress-free experienceExpert guide shares insight into America’s historyShow more",U.S. Capitol Visitor Center,"06:45 Departure Red Lobster, Times Square; 5 Times Sq #5, New York, NY 10036；",https://www.expedia.com/things-to-do/best-amish-farm-and-house-1-day-tour-from-washington-d-c.a44596789.activity-details?&rid=178293&location=New+York+%28and+vicinity%29%2C+New+York%2C+United+States+of+America&startDate=2025-10-28&endDate=2025-10-29&sort=RECOMMENDED&selectedId=&filter.reviewScore=GT4_5&filter.seeAll=true&swp=on
31,NYC: Small Group Brooklyn Bridge & DUMBO Food Tour,Intrepid Travel,10.0,1,67.0,Free cancellation available,OverviewIndulge in the diverse culinary offerings of BrooklynUncover the rich history of the DUMBO and Brooklyn HeightsTake in the stunning views of iconic architectureTaste a selection of beloved local specialtiesThis tour is organized and led by a B-Corp certified companyShow more,"New York, New York, United States of America","New York, New York, United States of America",https://www.expedia.com/things-to-do/nyc-brooklyn-bridge-dumbo-food-tour.a45552695.activity-details?&rid=178293&location=New+York+%28and+vicinity%29%2C+New+York%2C+United+States+of+America&startDate=2025-10-28&endDate=2025-10-29&sort=RECOMMENDED&selectedId=&filter.reviewScore=GT4_5&filter.seeAll=true&swp=on
32,American Museum of Natural History and MOMA Combo Tickets,Travity,10.0,1,55.0,5h,"Activity locationThe Museum of Modern Art (MoMA)11 West 53rd Street,10019-5401, New York City, New York, United States","11 West 53rd Street,","11 West 53rd Street,",https://www.expedia.com/things-to-do/american-museum-of-natural-history-and-moma-combo-tickets.a49692082.activity-details?&rid=178293&location=New+York+%28and+vicinity%29%2C+New+York%2C+United+States+of+America&startDate=2025-10-28&endDate=2025-10-29&sort=RECOMMENDED&selectedId=&filter.reviewScore=GT4_5&filter.seeAll=true&swp=on
33,Brooklyn Bridge Bike Rental,Unlimited Biking NYC,10.0,15,10.0,Free cancellation available,"OverviewConvenient rental from a shop located near the bridgeFreedom to ride around Lower Manhattan or across to BrooklynWaterfront parks, lively neighborhoods & Big Apple landmarksColor-coded route maps & helpful suggestions from the staffVariety of bikes, including tandem, for riders of all levelsShow more",79 Chambers Street,79 Chambers Street,https://www.expedia.com/things-to-do/brooklyn-bridge-bike-rental.a244915.activity-details?&rid=178293&location=New+York+%28and+vicinity%29%2C+New+York%2C+United+States+of+America&startDate=2025-10-28&endDate=2025-10-29&sort=RECOMMENDED&selectedId=&filter.reviewScore=GT4_5&filter.seeAll=true&swp=on
34,Brooklyn Bridge & DUMBO Walking Tour with Iconic Photo Stops,City Wonders,10.0,3,31.0,Free cancellation available,OverviewScenic Brooklyn Bridge walk with breathtaking viewsExplore DUMBO’s artistic charm and waterfront viewsCapture iconic photos at top NYC hotspotsLearn Brooklyn Bridge history from a local expert guideRelax at Brooklyn Bridge Park and Fulton Ferry LandingShow more,"New York, United States of America",33 Vesey Street,https://www.expedia.com/things-to-do/brooklyn-bridge-dumbo-guided-walking-tour.a49190954.activity-details?&rid=178293&location=New+York+%28and+vicinity%29%2C+New+York%2C+United+States+of+America&startDate=2025-10-28&endDate=2025-10-29&sort=RECOMMENDED&selectedId=&filter.reviewScore=GT4_5&filter.seeAll=true&swp=on
35,Central Park Bike Tour,Unlimited Biking NYC,9.4,77,48.0,Free cancellation available,OverviewIconic sights & historic landmarks in beautiful Central ParkExpert city-licensed guide provides insightful commentaryLeisurely 7-mile (11-km) ride on a comfortable Biria bikeSights like the Bethesda Terrace & the Conservatory GardenStops to explore at Belvedere Castle & Tavern on the GreenShow more,"56 West 56th Street
between 5th and 6th avenue","56 West 56th Street
Between 5th & 6th",https://www.expedia.com/things-to-do/central-park-bike-tour.a262453.activity-details?&rid=178293&location=New+York+%28and+vicinity%29%2C+New+York%2C+United+States+of+America&startDate=2025-10-28&endDate=2025-10-29&sort=RECOMMENDED&selectedId=&filter.reviewScore=GT4_5&filter.seeAll=true&swp=on
36,The Empire Helicopter Tour of New York,Charm Aviation NYC,9.6,19,429.0,Free cancellation available,"Activity location6 East River Piers6 East River Piers10004, New York, New York, United States",6 East River Piers,6 East River Piers,https://www.expedia.com/things-to-do/the-empire-helicopter-tour-of-new-york.a5176950.activity-details?&rid=178293&location=New+York+%28and+vicinity%29%2C+New+York%2C+United+States+of+America&startDate=2025-10-28&endDate=2025-10-29&sort=RECOMMENDED&selectedId=&filter.reviewScore=GT4_5&filter.seeAll=true&swp=on
37,Guided Small-Group Tour of the Metropolitan Museum of Art  (Met),Attractions4US,9.4,3,45.0,Free cancellation available,"OverviewExplore a world-class art collection from ancient to modernDiscover museum history and must-see exhibitsSave time with expert guide-led highlightsTemple of Dendur, Tiffany glass, and impressionist artIncludes same-day entry to both Met locationsShow more",1000 5th Avenue,1000 5th Avenue,https://www.expedia.com/things-to-do/guided-small-group-tour-of-the-metropolitan-museum-of-art-met.a2448050.activity-details?&rid=178293&location=New+York+%28and+vicinity%29%2C+New+York%2C+United+States+of+America&startDate=2025-10-28&endDate=2025-10-29&sort=RECOMMENDED&selectedId=&filter.reviewScore=GT4_5&filter.seeAll=true&swp=on
38,Moulin Rouge! The Musical on Broadway,Moulin Rouge! The Musical on Broadway,9.2,72,69.0,2h 45m,"OverviewBaz Luhrmann's revolutionary film comes to life on BroadwayMusical extravaganza set in Paris, FranceBased on a book by John LoganStarring Karen Olivo (West Side Story), Aaron Tveit (Wicked)Directed by Alex Timbers (Beetlejuice)Show more",302 West 45th Street,302 West 45th Street,https://www.expedia.com/things-to-do/moulin-rouge-the-musical-on-broadway.a577169.activity-details?&rid=178293&location=New+York+%28and+vicinity%29%2C+New+York%2C+United+States+of+America&startDate=2025-10-28&endDate=2025-10-29&sort=RECOMMENDED&selectedId=&filter.reviewScore=GT4_5&filter.seeAll=true&swp=on
39,Discover NY: Guided Day Bus Tour of NYC,USA Guided Tours,9.6,453,99.0,Free cancellation available,OverviewAn expert guide with tales of the city you’ll never forgetAll the city highlights in six hoursClimate-controlled closed-top or glass-to buses availableIncludes a ride on the Staten Island FerryIdyllic views of iconic architectureShow more,770 7th Avenue,770 7th Avenue,https://www.expedia.com/things-to-do/discover-ny-guided-day-bus-tour-of-nyc.a264971.activity-details?&rid=178293&location=New+York+%28and+vicinity%29%2C+New+York%2C+United+States+of+America&startDate=2025-10-28&endDate=2025-10-29&sort=RECOMMENDED&selectedId=&filter.reviewScore=GT4_5&filter.seeAll=true&swp=on
40,Central Park: Highest Rated Yoga Class in New York City!,UrbanNomadYoga,10.0,4,35.0,Free cancellation available,Overview1-hour yoga class in Central Park (all levels!)Gorgeous views of the iconic NYC skylineFind peace in the midst of the chaos in ManhattanYoga mat rentals are available,No Location,No Meeting Point,https://www.expedia.com/things-to-do/central-park-yoga-with-a-view-in-the-heart-of-new-york-city.a48041919.activity-details?&rid=178293&location=New+York+%28and+vicinity%29%2C+New+York%2C+United+States+of+America&startDate=2025-10-28&endDate=2025-10-29&sort=RECOMMENDED&selectedId=&filter.reviewScore=GT4_5&filter.seeAll=true&swp=on
41,Hoboken: Private Walking Tour with Manhattan Views,Viamo Tours,10.0,2,60.0,Free cancellation available,OverviewEnjoy majestic views of the Manhattan skyline from Hoboken's waterfront parksStep away from the tourist crowds of New York City and into a local neighborhoodFeel like you're visiting a friend / gain a better understanding of local life,No Location,No Meeting Point,https://www.expedia.com/things-to-do/hoboken-private-walking-tour-with-manhattan-views.a46272910.activity-details?&rid=178293&location=New+York+%28and+vicinity%29%2C+New+York%2C+United+States+of+America&startDate=2025-10-28&endDate=2025-10-29&sort=RECOMMENDED&selectedId=&filter.reviewScore=GT4_5&filter.seeAll=true&swp=on
42,Banksy Museum New York City Admission Ticket,The Banksy Museum,10.0,5,30.0,Free cancellation available,"Activity locationBanksy Museum277 Canal St, On The Corner Of Broadway10013-3559, New York City, New York, United States","277 Canal St, On The Corner Of Broadway","277 Canal St, On The Corner Of Broadway",https://www.expedia.com/things-to-do/banksy-museum-new-york-city-admission-ticket.a48963002.activity-details?&rid=178293&location=New+York+%28and+vicinity%29%2C+New+York%2C+United+States+of+America&startDate=2025-10-28&endDate=2025-10-29&sort=RECOMMENDED&selectedId=&filter.reviewScore=GT4_5&filter.seeAll=true&swp=on
43,Hell's Kitchen on Broadway,Broadway Inbound US,10.0,1,72.0,2h 30m,"OverviewNew musical created by Grammy Award winner Alicia KeysDon’t miss this exhilarating, joyful, coming-of-age storyDirected by four-time Tony Award® nominee Michael GreifChoreography by Tony Award nominee Camille A. BrownA book by Pulitzer Prize finalist Kristoffer DiazShow more",225 West 44th Street,225 West 44th Street,https://www.expedia.com/things-to-do/null.a47273757.activity-details?&rid=178293&location=New+York+%28and+vicinity%29%2C+New+York%2C+United+States+of+America&startDate=2025-10-28&endDate=2025-10-29&sort=RECOMMENDED&selectedId=&filter.reviewScore=GT4_5&filter.seeAll=true&swp=on
44,Central Park Pedicab Guided Tours,NYC Park Tours™ | Central Park Tours,9.8,837,38.0,Free cancellation available,"Activity locationCentral Park59th to 110th Street, Manhattan Borough, from Central Park West to 5th Avenue10022, New York City, New York, United States","59th to 110th Street, Manhattan Borough, from Central Park West to 5th Avenue",1411 6th Avenue,https://www.expedia.com/things-to-do/central-park-pedicab-guided-tours.a1243264.activity-details?&rid=178293&location=New+York+%28and+vicinity%29%2C+New+York%2C+United+States+of+America&startDate=2025-10-28&endDate=2025-10-29&sort=RECOMMENDED&selectedId=&filter.reviewScore=GT4_5&filter.seeAll=true&swp=on
45,Small Group Lower East Side Food Tour: Taste The American Dream,Intrepid Travel,10.0,8,59.0,Free cancellation available,"OverviewSee the African Burial Ground and historic neighborhood siteSavor traditional foods that reflect NYC’s rich diversityTaste dishes that shaped New York's iconic food sceneStroll through streets filled with rich cultural historyEnjoy a tour led by a B-Corp certified, responsible companyShow more","New York, New York, United States of America",290 Broadway,https://www.expedia.com/things-to-do/new-york-tenements-tales-tastes-tour.a257774.activity-details?&rid=178293&location=New+York+%28and+vicinity%29%2C+New+York%2C+United+States+of+America&startDate=2025-10-28&endDate=2025-10-29&sort=RECOMMENDED&selectedId=&filter.reviewScore=GT4_5&filter.seeAll=true&swp=on
46,NYC: Radio City Music Hall Tour Experience,Madison Square Garden Entertainment,9.4,115,44.0,1h,OverviewGo behind the scenes at New York's legendary Radio City Music HallMarvel at the extravagant Art Deco interiorLearn the secrets of the Great StageMeet one of the famous precision dancers from the Rockettes,No Location,No Meeting Point,https://www.expedia.com/things-to-do/new-york-radio-city-stage-door-tour-ticket.a4523558.activity-details?&rid=178293&location=New+York+%28and+vicinity%29%2C+New+York%2C+United+States+of+America&startDate=2025-10-28&endDate=2025-10-29&sort=RECOMMENDED&selectedId=&filter.reviewScore=GT4_5&filter.seeAll=true&swp=on
47,The Big Apple Helicopter Tour of New York City,Charm Aviation NYC,9.0,189,319.0,Free cancellation available,"Activity location6 East River Piers6 East River Piers10004, New York, New York, United States",6 East River Piers,6 East River Piers,https://www.expedia.com/things-to-do/the-big-apple-helicopter-tour-of-new-york-city.a920794.activity-details?&rid=178293&location=New+York+%28and+vicinity%29%2C+New+York%2C+United+States+of+America&startDate=2025-10-28&endDate=2025-10-29&sort=RECOMMENDED&selectedId=&filter.reviewScore=GT4_5&filter.seeAll=true&swp=on
48,Met Express: Highlights of the Metropolitan Museum of Art,Walks,9.2,5,69.0,Free cancellation available,"OverviewPerfect as a short trip, or traveling with childrenProfessional English speaking guidePre-reserved ticket to the Met MuseumAn itinerary that covers the perfect cross-section of METSmall group of 15 people or fewerShow more",1000 5th Avenue,1000 5th Avenue,https://www.expedia.com/things-to-do/met-express-highlights-of-the-metropolitan-museum-of-art.a564390.activity-details?&rid=178293&location=New+York+%28and+vicinity%29%2C+New+York%2C+United+States+of+America&startDate=2025-10-28&endDate=2025-10-29&sort=RECOMMENDED&selectedId=&filter.reviewScore=GT4_5&filter.seeAll=true&swp=on
49,"Washington, D.C. Day Trip from New York",Empire Vacations,9.0,793,142.0,Free cancellation available,"OverviewEasy day trip from Manhattan to D.C. by comfortable busSights include Capitol, Senate, White House & National MallIn-depth commentary from a professional tour guideArlington National Cemetery & the Kennedy family gravsiteAn Eco Positive Tour by an Earth Friendly CompanyShow more","Washington, District of Columbia, United States of America",330 West 42nd Street,https://www.expedia.com/things-to-do/washington-d-c-day-trip-from-new-york.a184049.activity-details?&rid=178293&location=New+York+%28and+vicinity%29%2C+New+York%2C+United+States+of+America&startDate=2025-10-28&endDate=2025-10-29&sort=RECOMMENDED&selectedId=&filter.reviewScore=GT4_5&filter.seeAll=true&swp=on
50,Big City Helicopter Tour,Zip Aviation,9.4,24,279.0,Free cancellation available,OverviewSpectacular views of the Big Apple as you fly by ManhattanAerial perspective of the breathtaking Central ParkMagnificent landmarks like the Empire State BuildingComfortable ride in a state-of-the-art helicopterInteresting & insightful commentary provided by pilotShow more,6 East River Piers,6 East River Piers,https://www.expedia.com/things-to-do/big-city-helicopter-tour.a378866.activity-details?&rid=178293&location=New+York+%28and+vicinity%29%2C+New+York%2C+United+States+of+America&startDate=2025-10-28&endDate=2025-10-29&sort=RECOMMENDED&selectedId=&filter.reviewScore=GT4_5&filter.seeAll=true&swp=on
51,Official Exclusive VIP Horse Carriage Ride in Central Park,NYC HORSE AND CARRIAGE RIDE,10.0,5,195.0,Free cancellation available,"OverviewExplore Central Park's gems on a guided horse carriage tourLearn park history, snap photos at Cherry Hill, and glide by Bethesda FountainImmerse yourself in Central Park's beauty during an enchanting Horse CarriageUnveil New York's oasis in a memorable, guided journeyImmerse in Central Park's allure during an enchanting horse-drawn carriage rideShow more",No Location,No Meeting Point,https://www.expedia.com/things-to-do/official-exclusive-vip-horse-carriage-ride-in-central-park.a48273982.activity-details?&rid=178293&location=New+York+%28and+vicinity%29%2C+New+York%2C+United+States+of+America&startDate=2025-10-28&endDate=2025-10-29&sort=RECOMMENDED&selectedId=&filter.reviewScore=GT4_5&filter.seeAll=true&swp=on
52,Early Access to Empire State in Small Group + Optional Top of the Rock,City Wonders,9.0,2,79.0,Free cancellation available,"OverviewEarly access to the Empire State Building views360-Degree Views: Panoramic sights from the 86th floor!Guided Midtown Tour: See Macy’s, Bryant Park, & RockefellerOptional Top of the Rock upgrade for more city viewsComplete NYC Experience: Top observatories & Midtown tourShow more","Empire State Building, Manhattan",2 West 34th Street,https://www.expedia.com/things-to-do/null.a49218966.activity-details?&rid=178293&location=New+York+%28and+vicinity%29%2C+New+York%2C+United+States+of+America&startDate=2025-10-28&endDate=2025-10-29&sort=RECOMMENDED&selectedId=&filter.reviewScore=GT4_5&filter.seeAll=true&swp=on
53,"SoHo, Little Italy & Chinatown Walking Tour",ExperienceFirst,9.6,90,39.0,Free cancellation available,OverviewLearning the history that shaped 3 unique neighborhoodsStories of the Tong Wars in the Chinatown districtPossible celebrity sightings in the district of SoHoAuthentic Italian bakeries & restaurants in Little ItalySmall group ensuring a comfortable & personalized experienceShow more,"6th Avenue
Spring St",Southwest corner of Spring Street and 6th Avenue,https://www.expedia.com/things-to-do/soho-little-italy-chinatown-walking-tour.a269094.activity-details?&rid=178293&location=New+York+%28and+vicinity%29%2C+New+York%2C+United+States+of+America&startDate=2025-10-28&endDate=2025-10-29&sort=RECOMMENDED&selectedId=&filter.reviewScore=GT4_5&filter.seeAll=true&swp=on
54,Central Park Electric Scooter Rental,Cycle Park NYC,10.0,32,25.0,Free cancellation available,"OverviewBrand New ScootersPrime LocationHelmets, Map Include with the Rentals",No Location,No Meeting Point,https://www.expedia.com/things-to-do/central-park-electric-scooter-rental.a47774895.activity-details?&rid=178293&location=New+York+%28and+vicinity%29%2C+New+York%2C+United+States+of+America&startDate=2025-10-28&endDate=2025-10-29&sort=RECOMMENDED&selectedId=&filter.reviewScore=GT4_5&filter.seeAll=true&swp=on
55,American Dream: TiLT Interactive Museum Entry Ticket,American Dream,10.0,1,16.0,Free cancellation available,OverviewBecome a part of the street art as you delve into a world of imaginationImmerse yourself in this fun and fascinating 3D experienceBring your phone or camera to this snap-worthy experienceEnjoy family-friendly fun for all agesLocated just 4 miles outside New York CityShow more,No Location,No Meeting Point,https://www.expedia.com/things-to-do/american-dream-tilt-interactive-museum-entry-ticket.a50090675.activity-details?&rid=178293&location=New+York+%28and+vicinity%29%2C+New+York%2C+United+States+of+America&startDate=2025-10-28&endDate=2025-10-29&sort=RECOMMENDED&selectedId=&filter.reviewScore=GT4_5&filter.seeAll=true&swp=on
56,Ground Zero Tour + Optional Access to 9/11 Museum and One World Observatory,ExperienceFirst,10.0,2,39.0,Free cancellation available,"OverviewGuided tour revealing stories of tragedy, courage & heroismSt. Paul's Chapel used as makeshift base by rescuers on 9/11Fireman's Memorial, the Oculus, and moreOptional Upgrade includes entry tickets to the 9/11 MuseumOptional Upgrade includes entry to the One World ObservatoryShow more","New York, New York, United States of America",209 Broadway,https://www.expedia.com/things-to-do/ground-zero-tour-optional-access-to-9-11-museum-and-one-world-observatory.a45677035.activity-details?&rid=178293&location=New+York+%28and+vicinity%29%2C+New+York%2C+United+States+of+America&startDate=2025-10-28&endDate=2025-10-29&sort=RECOMMENDED&selectedId=&filter.reviewScore=GT4_5&filter.seeAll=true&swp=on
57,NYC: Statue of Liberty Sunset Cruise Skip-the-Line Ticket,New York Water Taxi,9.0,66,27.0,Free cancellation available,"OverviewSee the Statue of Liberty up close during a breathtaking sunset cruiseSip cocktails, wine, or beer from a full bar with hot and cold drinksRelax to great music on spacious outdoor decks with stunning viewsSpot famous sights like the Brooklyn Bridge and Lower ManhattanEnjoy indoor climate-controlled comfort or open-air deck seatingShow more",No Location,No Meeting Point,https://www.expedia.com/things-to-do/nyc-statue-of-liberty-sunset-cruise-skip-the-line-ticket.a50093548.activity-details?&rid=178293&location=New+York+%28and+vicinity%29%2C+New+York%2C+United+States+of+America&startDate=2025-10-28&endDate=2025-10-29&sort=RECOMMENDED&selectedId=&filter.reviewScore=GT4_5&filter.seeAll=true&swp=on
58,New York City: Solo or Couples Photoshoot in Times Square!,Bee Lively Photography,10.0,1,125.0,Free cancellation available,OverviewProfessional Photographer with years of experienceBe accompanied by someone knowledgable of the cityReceive your photos within 72 hours of your shoot,No Location,No Meeting Point,https://www.expedia.com/things-to-do/new-york-city-solo-or-couples-photoshoot-in-times-square.a48313746.activity-details?&rid=178293&location=New+York+%28and+vicinity%29%2C+New+York%2C+United+States+of+America&startDate=2025-10-28&endDate=2025-10-29&sort=RECOMMENDED&selectedId=&filter.reviewScore=GT4_5&filter.seeAll=true&swp=on
59,New York City: Superheroes of NYC Guided Walking Tour,TopDogTours,9.4,126,35.0,Free cancellation available,OverviewLearn about the history of some of your favorite comic book charactersSee the sites where your favorite superhero movies were filmedVisit iconic New York City landmarks and learn why they are important in comic book lore,No Location,No Meeting Point,https://www.expedia.com/things-to-do/new-york-city-superheroes-of-nyc-guided-walking-tour.a4765576.activity-details?&rid=178293&location=New+York+%28and+vicinity%29%2C+New+York%2C+United+States+of+America&startDate=2025-10-28&endDate=2025-10-29&sort=RECOMMENDED&selectedId=&filter.reviewScore=GT4_5&filter.seeAll=true&swp=on
60,"Starship: 90 min Sightseeing Cruise Statue of Liberty, Downtown & Bridges",Starship Tours and Events,10.0,6,35.0,Free cancellation available,"OverviewComplimentary Digital Photographer Onboard90 min cruise dedicated time near the Statue of LibertyClimate controlled interiors plus multiple restroomsLive and captivating narration with engaging guidesFully stocked snack bar, including alcoholic beveragesShow more","455 12th Ave,",455 12th Avenue,https://www.expedia.com/things-to-do/nyc-statue-of-liberty-downtown-bridges-90-min-sightseeing-cruise.a49830553.activity-details?&rid=178293&location=New+York+%28and+vicinity%29%2C+New+York%2C+United+States+of+America&startDate=2025-10-28&endDate=2025-10-29&sort=RECOMMENDED&selectedId=&filter.reviewScore=GT4_5&filter.seeAll=true&swp=on
61,Little Shop Of Horrors Off-Broadway,Broadway Inbound US,10.0,8,105.0,2h,"OverviewFollow a meek shop owner navigate how to handle a new breed Winner of the Best Musical Revival AwardCult favorites like Skid Row, Da-Doo, & Suddenly, SeymourGet close, but not too close to this iconic musicalDirected by Michael Mayer and choreography by Ellenore ScottShow more","New York, New York, United States of America","New York, New York, United States of America",https://www.expedia.com/things-to-do/little-shop-of-horrors-off-broadway.a5256811.activity-details?&rid=178293&location=New+York+%28and+vicinity%29%2C+New+York%2C+United+States+of+America&startDate=2025-10-28&endDate=2025-10-29&sort=RECOMMENDED&selectedId=&filter.reviewScore=GT4_5&filter.seeAll=true&swp=on
62,New York Harbor Wine and Jazz Sail aboard Clipper City,Manhattan By Sail,9.0,9,140.0,Free cancellation available,"Activity locationClipper City Tall Ship - Operated by Manhattan By Sail89 South Street10038, New York, New York, United States",89 South Street,89 South Street,https://www.expedia.com/things-to-do/new-york-harbor-wine-and-jazz-sail-aboard-clipper-city.a732119.activity-details?&rid=178293&location=New+York+%28and+vicinity%29%2C+New+York%2C+United+States+of+America&startDate=2025-10-28&endDate=2025-10-29&sort=RECOMMENDED&selectedId=&filter.reviewScore=GT4_5&filter.seeAll=true&swp=on
63,Half-Day Bus Tour of NYC Top Highlights,Experience NYC™,10.0,39,60.0,Free cancellation available,"Activity locationRockefeller Center45 Rockefeller Plaza, Rockefeller Centre10111-0100, New York City, New York, United States","45 Rockefeller Plaza, Rockefeller Centre",191 West 39th Street,https://www.expedia.com/things-to-do/half-day-bus-tour-in-new-york-city.a49070163.activity-details?&rid=178293&location=New+York+%28and+vicinity%29%2C+New+York%2C+United+States+of+America&startDate=2025-10-28&endDate=2025-10-29&sort=RECOMMENDED&selectedId=&filter.reviewScore=GT4_5&filter.seeAll=true&swp=on
64,Central Park Pedicab Tour + Optional Natural History Access,ExperienceNYC,10.0,11,50.0,Free cancellation available,"OverviewEnjoy a private pedicab tour through Central Park with a local guideFun, informative narration with history, trivia, and movie locationsMultiple photo stops at iconic sites like Bethesda Fountain and Bow BridgeOption for tickets and drop-off at the American Museum of Natural History",No Location,No Meeting Point,https://www.expedia.com/things-to-do/central-park-nyc-movie-spots-pedicab-tour.a47673129.activity-details?&rid=178293&location=New+York+%28and+vicinity%29%2C+New+York%2C+United+States+of+America&startDate=2025-10-28&endDate=2025-10-29&sort=RECOMMENDED&selectedId=&filter.reviewScore=GT4_5&filter.seeAll=true&swp=on
65,Death Becomes Her on Broadway,Broadway Inbound US,10.0,2,62.0,2h 25m,"OverviewEnjoy this story about frenemies and revengeStarring Tony Award® nominee Megan HiltySee the Grammy® Award winner Michelle WilliamsEnjoy this musical about friendship, love and much moreStarring Tony Award® nominee Jennifer SimardShow more",205 West 46th Street,205 West 46th Street,https://www.expedia.com/things-to-do/death-becomes-her-on-broadway.a48923579.activity-details?&rid=178293&location=New+York+%28and+vicinity%29%2C+New+York%2C+United+States+of+America&startDate=2025-10-28&endDate=2025-10-29&sort=RECOMMENDED&selectedId=&filter.reviewScore=GT4_5&filter.seeAll=true&swp=on
66,Shopping at Jersey Gardens,New York Luxury Travel Inc,9.0,2,39.0,Free cancellation available,OverviewNew Jersey's largest outletTax Free ShoppingIncludes Transport,No Location,No Meeting Point,https://www.expedia.com/things-to-do/shopping-at-jersey-gardens.a47921364.activity-details?&rid=178293&location=New+York+%28and+vicinity%29%2C+New+York%2C+United+States+of+America&startDate=2025-10-28&endDate=2025-10-29&sort=RECOMMENDED&selectedId=&filter.reviewScore=GT4_5&filter.seeAll=true&swp=on
67,"Small-Group New York Broadway Tour: History, Rehearsals & Insider Stories",Intrepid Travel,10.0,2,59.0,Free cancellation available,OverviewExplore iconic theaters in bustling Times SquareDiscover Broadway’s rich history and evolutionPeek inside a live rehearsal studioMeet the people behind the Broadway magicTour led by a B-Corp certified company committed to impactShow more,"New York, New York, United States of America",West 47th Street,https://www.expedia.com/things-to-do/nyc-small-group-broadway-behind-the-scenes-tour.a45502086.activity-details?&rid=178293&location=New+York+%28and+vicinity%29%2C+New+York%2C+United+States+of+America&startDate=2025-10-28&endDate=2025-10-29&sort=RECOMMENDED&selectedId=&filter.reviewScore=GT4_5&filter.seeAll=true&swp=on
68,New York City: Central Park Electric Scooter Tour,Bike Rent NYC,9.4,112,79.0,Free cancellation available,"OverviewExplore the world-famous Central Park on an electric scooterLearn about the history of the park and its many landmarksAdmire the iconic Bethesda Fountain, Cleopatra's Needle, and moreSee the locations where many TV shows and movies were filmed",No Location,No Meeting Point,https://www.expedia.com/things-to-do/new-york-city-central-park-2-hour-electric-scooter-tour.a4576905.activity-details?&rid=178293&location=New+York+%28and+vicinity%29%2C+New+York%2C+United+States+of+America&startDate=2025-10-28&endDate=2025-10-29&sort=RECOMMENDED&selectedId=&filter.reviewScore=GT4_5&filter.seeAll=true&swp=on
69,No Diet Club - Best street food tour in Brooklyn ! (NYC),NO DIET CLUB,10.0,7,82.0,Free cancellation available,OverviewMany tastings to shareHave a nice walk in BrooklynLeave this tour with a list of serious recommendations in NYC,No Location,No Meeting Point,https://www.expedia.com/things-to-do/no-diet-club-best-street-food-tour-in-brooklyn-nyc.a48364092.activity-details?&rid=178293&location=New+York+%28and+vicinity%29%2C+New+York%2C+United+States+of+America&startDate=2025-10-28&endDate=2025-10-29&sort=RECOMMENDED&selectedId=&filter.reviewScore=GT4_5&filter.seeAll=true&swp=on
70,Guided Standard Central Park Horse Carriage Ride (Long Loop),NYCAdventures,9.0,9,185.0,Free cancellation available,OverviewExplore Central Park on a beautiful horse carriage.Learn about many historical and famous spots in the park.Ask questions to an informed & licensed guide.Enjoy the spectacular view at the Bethesta fountain.Take a fresh breath in the heart of a great city.Show more,78 Central Park South,78 Central Park South,https://www.expedia.com/things-to-do/guided-standard-central-park-horse-carriage-ride-long-loop.a560449.activity-details?&rid=178293&location=New+York+%28and+vicinity%29%2C+New+York%2C+United+States+of+America&startDate=2025-10-28&endDate=2025-10-29&sort=RECOMMENDED&selectedId=&filter.reviewScore=GT4_5&filter.seeAll=true&swp=on
71,Skip-the-Line Metropolitan Museum of Art Highlights Tour,ExperienceFirst,10.0,4,65.0,Free cancellation available,"OverviewConnect with the art on a personal level.Discover new perspectives on old masterpieces.In summer, enjoy the sweeping views of Central Park.Hear the stories and secrets behind these iconic works.Explore the architectural beauty of the Metropolitan Museum.Show more",1000 5th Ave,1000 5th Ave,https://www.expedia.com/things-to-do/skip-the-line-metropolitan-museum-of-art-highlights-tour.a48556046.activity-details?&rid=178293&location=New+York+%28and+vicinity%29%2C+New+York%2C+United+States+of+America&startDate=2025-10-28&endDate=2025-10-29&sort=RECOMMENDED&selectedId=&filter.reviewScore=GT4_5&filter.seeAll=true&swp=on
72,Half-Day Sightseeing Tour of Brooklyn,Tours with Dani,9.8,9,59.0,Free cancellation available,"Activity locationBrooklyn Bridge10038, New York City, New York, United States","10038, New York City, New York, United States",164 Bedford Avenue,https://www.expedia.com/things-to-do/half-day-sightseeing-tour-of-brooklyn.a46607489.activity-details?&rid=178293&location=New+York+%28and+vicinity%29%2C+New+York%2C+United+States+of+America&startDate=2025-10-28&endDate=2025-10-29&sort=RECOMMENDED&selectedId=&filter.reviewScore=GT4_5&filter.seeAll=true&swp=on
73,Marvel Universe in New York Self-Guided Audio Tour,WeGo Trip,10.0,1,6.0,1h 30m,"OverviewLearn about Marvel series, cartoons, and moviesDiscover New York City's landmark locationsLearn about few Ages of Comics Tune into New York City's striking cinematic sceneryCatch up with the Spider-Man character creation storyShow more",135 West 50th Street,135 West 50th Street,https://www.expedia.com/things-to-do/marvel-universe-in-new-york-self-guided-audio-tour.a44928278.activity-details?&rid=178293&location=New+York+%28and+vicinity%29%2C+New+York%2C+United+States+of+America&startDate=2025-10-28&endDate=2025-10-29&sort=RECOMMENDED&selectedId=&filter.reviewScore=GT4_5&filter.seeAll=true&swp=on
74,NYC: Central Park Pedicab Tour with Photo Stops,NYC Park Tours™,10.0,80,40.0,Free cancellation available,"OverviewMarvel at Manhattan from the unique perspective of a PedicabSee the Ice Rink, Bethesda Fountain, Bow Bridge, and Strawberry FieldsDiscover numerous places of historical significance and take photos",No Location,No Meeting Point,https://www.expedia.com/things-to-do/central-park-pedicab-tour-photo-stops.a48994685.activity-details?&rid=178293&location=New+York+%28and+vicinity%29%2C+New+York%2C+United+States+of+America&startDate=2025-10-28&endDate=2025-10-29&sort=RECOMMENDED&selectedId=&filter.reviewScore=GT4_5&filter.seeAll=true&swp=on
